model,term,coefficient,std_error,p_value,ci_lower,ci_upper,relativity,relativity_ci_lower,relativity_ci_upper
Poisson frequency GLM,Intercept,-2.6331454885408365,0.11410856499721453,8.10525558305808e-118,-2.856794166262925,-2.409496810818748,0.07185209646386884,0.05745264899005441,0.08986050002928198
Poisson frequency GLM,C(DriverAgeBand)[T.26-35],-0.3152016690587004,0.026599281443151976,2.15173050512654e-32,-0.3673353027019229,-0.2630680354154779,0.7296417132731414,0.6925773830397051,0.7686895974159242
Poisson frequency GLM,C(DriverAgeBand)[T.36-45],-0.030213980299982915,0.02730520708351235,0.2684979864467968,-0.08373120277407509,0.023303242174109264,0.9702378995377086,0.919678429884518,1.0235768841697739
Poisson frequency GLM,C(DriverAgeBand)[T.46-55],0.14779354542574158,0.027781591469691176,1.0386011358716086e-07,0.09334262671194168,0.20224446413954147,1.1592735343311515,1.0978378193984741,1.224147231634811
Poisson frequency GLM,C(DriverAgeBand)[T.56-65],0.016995349345466773,0.030270208053006512,0.5744876313010132,-0.0423331682429603,0.07632386693389384,1.0171405919447363,0.9585503688243435,1.0793120710501511
Poisson frequency GLM,C(DriverAgeBand)[T.66+],0.11561780630265531,0.03101178037751069,0.0001928600343783713,0.054835833666268395,0.1763997789390422,1.1225667521974723,1.0563671805127592,1.192914865574963
Poisson frequency GLM,C(VehicleAgeBand)[T.3-5],-0.3372907330747993,0.017904899365153975,3.69319771738576e-79,-0.37238369097731516,-0.3021977751722834,0.7137013131594746,0.6890897942576432,0.7391918566350306
Poisson frequency GLM,C(VehicleAgeBand)[T.6-10],-0.2686157844024074,0.0173180600835853,2.935147034074615e-54,-0.30255855844833535,-0.2346730103564795,0.7644369078150731,0.7389252166778738,0.7908294003784384
Poisson frequency GLM,C(VehicleAgeBand)[T.11+],-0.5015680125919475,0.018518052026552188,1.4649628400987624e-161,-0.5378627276278287,-0.4652732975560663,0.6055803572386307,0.5839950760399896,0.6279634608565697
Poisson frequency GLM,C(BonusMalusBand)[T.51-75],0.46759264901234965,0.015478126863767318,1.755873669768044e-200,0.4372560778112238,0.4979292202134755,1.5961470781521538,1.5484525506300801,1.6453106645450521
Poisson frequency GLM,C(BonusMalusBand)[T.76-100],0.8103145681370163,0.019136964903305374,0.0,0.7728068061531307,0.8478223301209019,2.2486152181344337,2.165836814453477,2.334557417014658
Poisson frequency GLM,C(BonusMalusBand)[T.>100],1.665888216671004,0.03340264713237755,0.0,1.6004202313032438,1.7313562020387643,5.290370158486203,4.955114281065861,5.648308964486893
Poisson frequency GLM,C(VehiclePowerBand)[T.7-9],-0.01804887758993034,0.01330936356954033,0.17506616604138003,-0.04413475084337884,0.008036995663518162,0.982113027867297,0.9568250158078966,1.008069379009969
Poisson frequency GLM,C(VehiclePowerBand)[T.10+],0.05477941376360122,0.021835039251013676,0.012114727747054155,0.011983523230595983,0.09757530429660646,1.0563075820605392,1.0120556133217338,1.102494461007325
Poisson frequency GLM,C(Area)[T.B],0.022100925653768574,0.028390137926905538,0.43629084450520217,-0.033542722199090914,0.07774457350662806,1.0223469602991533,0.9670135974014685,1.0808465465651487
Poisson frequency GLM,C(Area)[T.C],0.011782990668618785,0.03693726337686491,0.7497264378206319,-0.06061271523750678,0.08417869657474436,1.011852683564423,0.9411876768468815,1.0878232667331134
Poisson frequency GLM,C(Area)[T.D],0.054454500887461954,0.05616169381790852,0.33224482472936157,-0.05562039630640454,0.16452939808132844,1.0559644298762647,0.9458981341730455,1.1788382246242088
Poisson frequency GLM,C(Area)[T.E],0.0476168889150288,0.0750664156612878,0.5258653997040802,-0.09951058222960876,0.19474436005966636,1.0487687834020987,0.9052803699330846,1.2150003441696415
Poisson frequency GLM,C(Area)[T.F],-0.005233369046525824,0.10363109459204047,0.959723958867175,-0.2083465821253887,0.19787984403233705,0.9947803011717672,0.8119255890460821,1.2188159370146743
Poisson frequency GLM,C(VehGas)[T.Regular],0.04761769633833114,0.01224166829797938,0.00010032501530008558,0.023624467363605815,0.07161092531305646,1.0487696302027951,1.0239057356632195,1.0742373042018876
Poisson frequency GLM,C(Region)[T.Aquitaine],-0.11796979780262853,0.10294259542879687,0.25180486532404867,-0.319733577318148,0.08379398171289093,0.8887228935935279,0.7263425254212701,1.0874048454469356
Poisson frequency GLM,C(Region)[T.Auvergne],-0.2821834726363221,0.12699450717381613,0.02628241282040988,-0.5310881329314152,-0.03327881234122895,0.7541353086461619,0.5879648375648316,0.9672688355009532
Poisson frequency GLM,C(Region)[T.Basse-Normandie],-0.01087586849111729,0.1080349323906492,0.9198124867974201,-0.22262044504900944,0.20086870806677484,0.989183059940497,0.8004185944873143,1.2224642615905055
Poisson frequency GLM,C(Region)[T.Bourgogne],0.05077906903445847,0.10960518817215213,0.6431559803833069,-0.16404315230169522,0.26560129037061214,1.052090428250637,0.848705397498636,1.304214951947902
Poisson frequency GLM,C(Region)[T.Bretagne],0.09024700285360301,0.10065490524977133,0.36993338020338706,-0.1070329863032404,0.2875269920104464,1.0944445812563837,0.8984960344388228,1.3331265754440207
Poisson frequency GLM,C(Region)[T.Centre],0.07709955423567917,0.09920283844898882,0.4370460852395043,-0.11733443628848424,0.2715335447598426,1.0801496045083678,0.889287733336572,1.3119748810006462
Poisson frequency GLM,C(Region)[T.Champagne-Ardenne],0.10501649325592304,0.13329348409638803,0.4307790882788384,-0.15623393494685994,0.36626692145870604,1.110728929741131,0.8553590685859357,1.4423401828233844
Poisson frequency GLM,C(Region)[T.Corse],0.11230511402412302,0.12147284326457847,0.3552111838398557,-0.12577728387412965,0.3503875119223757,1.1188541866740211,0.881811218493363,1.4196175607482446
Poisson frequency GLM,C(Region)[T.Franche-Comte],-0.09308508169362174,0.1830000656220689,0.6109895367082383,-0.45175861948134327,0.2655884560940998,0.9111159777078416,0.6365077917645625,1.3041982133999912
Poisson frequency GLM,C(Region)[T.Haute-Normandie],-0.05819474257485206,0.1171216004501073,0.6192775191393538,-0.28774886126875254,0.17135937611904845,0.9434661965089208,0.7499499100600139,1.1869172220899102
Poisson frequency GLM,C(Region)[T.Ile-de-France],-0.02052280760560072,0.10048323682932965,0.8381650889569094,-0.21746633284109557,0.17642071762989414,0.9796863519197789,0.8045546915345078,1.192939843912052
Poisson frequency GLM,C(Region)[T.Languedoc-Roussillon],-0.009724303848928924,0.10228028016264323,0.9242552069729291,-0.2101899692963762,0.19074136159851837,0.9903228243071952,0.8104302744767177,1.2101464212661948
Poisson frequency GLM,C(Region)[T.Limousin],0.13856071143115412,0.1216145757324467,0.2545601342221365,-0.0997994769995603,0.3769208998618685,1.1486194137818482,0.9050188769426685,1.457788993499783
Poisson frequency GLM,C(Region)[T.Midi-Pyrenees],-0.10638770988840938,0.10701750557598061,0.3201668728576954,-0.3161381665326458,0.10336274675582703,0.899075999837538,0.7289587255098501,1.1088935836778677
Poisson frequency GLM,C(Region)[T.Nord-Pas-de-Calais],-0.1441007404791956,0.10172094068710998,0.15659169551737923,-0.34347012069946614,0.05526863974107496,0.8658005225061817,0.7093046743553371,1.0568244815999173
Poisson frequency GLM,C(Region)[T.Pays-de-la-Loire],-0.011105746845112409,0.10131103001524557,0.9127105001073956,-0.2096717169116501,0.1874602232214253,0.9889556943010988,0.8108503907528474,1.2061822704216707
Poisson frequency GLM,C(Region)[T.Picardie],0.08372387775156123,0.11141080545203844,0.45235905029682655,-0.1346372884230328,0.30208504392615526,1.0873286167316993,0.8740328760440299,1.3526762587178844
Poisson frequency GLM,C(Region)[T.Poitou-Charentes],-0.046530727671519036,0.1047475409391442,0.656885086398907,-0.25183213538137655,0.15877068003833847,0.9545352294743499,0.7773752209118991,1.1720691370106202
Poisson frequency GLM,C(Region)[T.Provence-Alpes-Cotes-D'Azur],-0.008708510891477568,0.09973192555871763,0.9304178013870295,-0.20417949309539382,0.1867624713124387,0.9913292983558121,0.8153160144575152,1.2053409479911978
Poisson frequency GLM,C(Region)[T.Rhone-Alpes],0.07624068745583676,0.09940075591449932,0.4430796752255506,-0.11858121417263867,0.2710625890843122,1.0792222981691029,0.8881796799497617,1.3113571444589684
Poisson frequency GLM,C(VehBrand)[T.B10],-0.03191286342882441,0.041833056294594696,0.445545494896306,-0.11390414712946662,0.050078420271817796,0.9685909780988574,0.8923434854677985,1.051353540573762
Poisson frequency GLM,C(VehBrand)[T.B11],0.05061182261548492,0.04530406365154943,0.2639265346121985,-0.03818251049486213,0.13940615572583198,1.051914484607458,0.9625372517089947,1.1495909181305233
Poisson frequency GLM,C(VehBrand)[T.B12],0.19338441527469133,0.020079086125052017,5.907258156163492e-22,0.15403012962711146,0.2327387009222712,1.2133491338197833,1.1665260332433594,1.2620516633031593
Poisson frequency GLM,C(VehBrand)[T.B13],0.02745335878481404,0.04626356354331204,0.5529053874416042,-0.06322155955655781,0.1181282771261859,1.0278336745776677,0.9387354648334957,1.1253884637065599
Poisson frequency GLM,C(VehBrand)[T.B14],-0.22614596596752254,0.09036223432983112,0.012326383177076712,-0.4032526908165604,-0.04903924111848468,0.7976016704688573,0.6681432443284169,0.9521437657790812
Poisson frequency GLM,C(VehBrand)[T.B2],-0.003504403091665577,0.01705806263925482,0.8372286138005904,-0.036937591510633284,0.029928785327302133,0.9965017301622924,0.9637362787976107,1.0303811530840796
Poisson frequency GLM,C(VehBrand)[T.B3],-0.017205578102042162,0.024660846501612203,0.48537229812839255,-0.06553994907347267,0.031128792869388345,0.9829415925957483,0.936561631242857,1.031618360419604
Poisson frequency GLM,C(VehBrand)[T.B4],-0.0266108936137818,0.03328868615062951,0.42405993998897196,-0.09185551956167293,0.03863373233410933,0.9737400562943548,0.9122369404172693,1.0393897190771817
Poisson frequency GLM,C(VehBrand)[T.B5],0.08292640939604347,0.02759285933882728,0.002652687781951504,0.028845398861462312,0.13700741993062462,1.0864618522223761,1.0292654565625545,1.1468366579372682
Poisson frequency GLM,C(VehBrand)[T.B6],-0.042531195521108164,0.03173897598109615,0.1802354326771447,-0.10473844535023845,0.01967605430802212,0.9583605684972789,0.9005600374501036,1.0198709037223024
Poisson frequency GLM,LogDensity,0.03849716628942852,0.014327113690088409,0.00720937618635964,0.010416539454444488,0.06657779312441256,1.0392477834263811,1.0104709804663308,1.0688441095638508
