risk_decile,policies,exposure,observed_claims,predicted_claims,observed_frequency,predicted_frequency,oe_ratio
1,13561,8750.817269244,444,467.99077743828883,0.05073811809103837,0.05347966516031701,0.9487366448338774
2,13560,8666.336417384,533,563.8477734589394,0.06150234358902145,0.06506183770201955,0.945290599855165
3,13560,8422.811887107,617,613.2677130631884,0.0732534465057277,0.07281033000415597,1.0060859015684511
4,13560,8145.634604373,664,655.4729756428412,0.08151605519397227,0.08046923382629381,1.0130089640214321
5,13561,7379.183042125,702,659.3533544981507,0.09513248228056469,0.0893531642641399,1.0646795003178662
6,13560,6834.841946235,646,683.914909594112,0.09451571888298772,0.1000630175465651,0.9445619490637898
7,13560,6288.374275002,755,706.4367890080916,0.12006282816233292,0.11234013086917714,1.0687438872770145
8,13560,5979.681807001,862,760.1832714457797,0.14415482760149076,0.12712771280835689,1.1339370811996123
9,13560,5736.623346041,880,851.8651883435591,0.1534003449271795,0.14849592468563488,1.0330273053077197
10,13561,5420.118511843,1138,1231.6217829646696,0.20995850875095468,0.2272315227561107,0.9239849568596374
