risk_decile,policies,exposure,observed_matched_loss,predicted_loss,mean_predicted_pure_premium,observed_matched_loss_cost,predicted_loss_cost,oe_ratio
1,13561,8059.888243119,724250.47,685911.3581970556,84.94359022430757,89.85862435726911,85.10184477838652,1.0558951405961845
2,13560,7947.525610437,1180227.93,902471.1628995807,113.52673168721942,148.50256392380524,113.55372818357709,1.3077735649835114
3,13560,7944.352711267,632142.95,1054491.4648326058,132.6349532897211,79.57136005598913,132.73472404329223,0.5994765923499901
4,13560,7890.945132106,862800.61,1191882.0931250555,151.03109048567265,109.34059172322857,151.04427583403515,0.7238976195520982
5,13561,7649.582718746,1256407.66,1303184.7774269683,170.44186951107335,164.24525443996552,170.36024386446533,0.964105537267458
6,13560,7307.501587678,963613.37,1409874.5912380621,193.0558594491154,131.86632372750447,192.93524254793323,0.6834745274427678
7,13560,6873.381124319,2044820.02,1523499.7858171973,222.01990022397106,297.4984193390842,221.65216190716362,1.342185958302035
8,13560,6485.957127013,1169729.34,1712793.0692729712,264.3131242039165,180.3479913748211,264.07714940628506,0.6829367545821018
9,13560,5899.33657158,1231762.78,2018379.7143753232,342.899968117203,208.79683080534952,342.13672840753804,0.6102730676627036
10,13561,5565.95228009,1802348.71,4068735.4708263366,741.7637120890695,323.81677371672623,731.0043755460558,0.4429751511060888
