risk_decile,claim_rows,observed_total,predicted_total,observed_mean,predicted_mean,oe_ratio
1,540,1543404.08,655055.7916542805,2858.1557037037037,1213.06628084126,2.3561414152255358
2,540,1720952.8299999998,796400.8864871186,3186.949685185185,1474.816456457627,2.1609127503499277
3,540,973302.28,879142.9596604939,1802.4116296296297,1628.0425178898035,1.1071035368080164
4,540,942717.08,954602.4050889435,1745.7723703703703,1767.7822316461918,0.9875494498803026
5,540,1038564.32,1027505.0794713864,1923.2672592592592,1902.7871842062711,1.0107631979146061
6,540,976778.24,1100127.0784267636,1808.8485925925925,2037.2723674569697,0.887877645368789
7,540,1040584.9,1187621.3188767722,1927.009074074074,2199.298738660689,0.8761925063657192
8,540,1295214.56,1305738.2787294977,2398.5454814814816,2418.0338494990697,0.9919404072769182
9,540,1191888.39,1499823.570505083,2207.200722222222,2777.4510564908946,0.7946857306680529
10,540,1144697.16,2590005.024974267,2119.8095555555556,4796.305601804198,0.44196715796386266
